epochs,training_loss,training_accuracy,testing_loss,testing_accuracy,num_parameters
1,0.20885386666666667,0.9772666666666666,0.17763157894736842,0.9705,506530
