num_params,testing_accuracy,training_accuracy,testing_loss,training_loss
616610,0.4763,0.5381,1.491,1.307
1135860,0.4796,0.66014,1.744,0.935
2708186,0.4583,0.7014,1.996,0.816
668138,0.4844,0.63932,1.657,0.992
1578506,0.4876,0.57462,1.488,1.201
308310,0.4295,0.46748,1.605,1.49
1841162,0.4934,0.634,1.675,1.014
626085,0.4302,0.49688,1.641,1.404
640815,0.5039,0.59104,1.465,1.128
3137860,0.4455,0.69198,1.976,0.856
