batch_size,sensitivity,testing_accuracy,testing_loss,training_accuracy,training_loss
32,0.004446510691195726,0.9714,0.13172274827957153,0.9973666666666666,0.009099197573959827
64,0.8485912680625916,0.9725,0.10742661356925964,0.9964666666666666,0.013925892300903797
256,0.24906988441944122,0.9731,0.08840910345315933,0.9887166666666667,0.04336139187216759
512,0.27901002764701843,0.9717,0.09914319217205048,0.982,0.06325298547744751
1024,0.1834050863981247,0.9656,0.11504082381725311,0.9751833333333333,0.09072618186473846
