batch_size,sensitivity,testing_accuracy,testing_loss,training_accuracy,training_loss
32,0.024127934128046036,0.9716,0.11304720491170883,0.9941166666666666,0.0025956553872674704
64,0.20294144749641418,0.9733,0.09720052778720856,0.9947666666666667,0.07696978002786636
256,0.40194499492645264,0.9728,0.09496986120939255,0.9862166666666666,0.05969362333416939
512,0.40667402744293213,0.9661,0.10841528326272964,0.9767666666666667,0.022975832223892212
1024,0.3198150098323822,0.9618,0.13450616598129272,0.9668833333333333,0.08316829800605774
