batch_size,sensitivity,testing_accuracy,testing_loss,training_accuracy,training_loss
32,0.001795654185116291,0.9725,0.2790498435497284,0.99945,6.228494748938829e-05
64,0.000561120396014303,0.9766,0.18793326616287231,1.0,4.464739322429523e-05
256,0.023064060136675835,0.9749,0.1432223916053772,1.0,0.00013336232223082334
512,0.04688569903373718,0.9733,0.1218627542257309,0.9999666666666667,0.0004250955826137215
1024,0.07637318223714828,0.9729,0.10714757442474365,0.9982666666666666,0.0021119005978107452
