epochs,training_loss,training_accuracy,testing_loss,testing_accuracy
1,2.3045231999999998,0.10221666666666666,2.3032631578947367,0.0463
