epochs,training_loss,training_accuracy,testing_loss,testing_accuracy
1,2.3040266666666667,0.10266666666666667,2.310947368421053,0.0729
