epochs,training_loss,training_accuracy,testing_loss,testing_accuracy
1,2.30516,0.1045,2.306157894736842,0.1861
2,2.3038581333333337,0.10773333333333333,2.301789473684211,0.0932
