epochs,training_loss,training_accuracy,testing_loss,testing_accuracy
1,2.303978133333333,0.1028,2.303842105263158,0.1055
2,2.3030421333333333,0.10265,2.305947368421053,0.1548
