epochs,training_loss,training_accuracy,testing_loss,testing_accuracy
1,2.304205866666667,0.10241666666666667,2.312578947368421,0.1028
2,2.3031610666666666,0.10445,2.3066315789473686,0.0944
