epochs,training_loss,training_accuracy,testing_loss,testing_accuracy
1,2.304227733333333,0.10158333333333333,2.304105263157895,0.103
