epochs,training_loss,training_accuracy,testing_loss,testing_accuracy
1,2.3044997333333335,0.1034,2.3092105263157894,0.0855
2,2.303406933333333,0.10601666666666666,2.3012631578947365,0.114
