epochs,training_loss,training_accuracy,testing_loss,testing_accuracy
1,2.303184533333333,0.10018333333333333,2.3047894736842105,0.1022
2,2.3029792000000002,0.10126666666666667,2.3039473684210527,0.1015
